galactic year,galaxy,existence expectancy index,Index,pred
1013042,Virgo I,0.588274167,4,0.03653931014637168
1012036,"Wolf-Lundmark-Melotte (WLM, DDO 221)",0.589653602,5,0.0331457966880381
1011030,Reticulum III,0.589851849,6,0.042838581520664096
1010025,KK98 77,0.598776861,9,0.035739695720723816
1013042,Hydra II,0.603060637,11,0.032489745929123806
1012036,UGC 8651 (DDO 181),0.612233197,14,0.037699884622173635
1010025,KKR 25,0.613464526,15,0.029737049278565672
1015056,NGC 300,0.622795315,16,0.03958692235024545
1011030,KKR 25,0.623630321,17,0.04001144876863709
1010025,Antlia B,0.628100511,20,0.04176444562271688
1014049,Virgo I,0.630672744,21,0.043156145877331804
1015056,"Wolf-Lundmark-Melotte (WLM, DDO 221)",0.6334037920000001,23,0.03290726881853967
1015056,Cetus III,0.638718416,25,0.043970345020721203
1012036,Reticulum III,0.641159283,26,0.04340552394710744
1010025,Segue 1,0.641172275,27,0.04125400276828574
1011030,KK98 77,0.644204235,29,0.03479608987923436
1015056,Reticulum III,0.650695769,34,0.04244884387324858
1010025,Reticulum III,0.656685485,37,0.03346781486335578
1014049,Hydra II,0.656738088,38,0.03520143834097144
1013042,Andromeda XVII,0.659167308,39,0.039093572402207934
1016064,Andromeda VIII,0.659659575,41,0.031892968247409524
1010025,Draco Dwarf (DDO 208),0.660667685,42,0.04060496826243372
1011030,Antlia B,0.662105005,45,0.03682598614359367
1012036,KKH 12,0.66476328,47,0.04170317024599524
1010025,"Wolf-Lundmark-Melotte (WLM, DDO 221)",0.6709162129999999,48,0.04219600659585897
1015056,Pegasus III,0.671839179,49,0.04182059157609464
1013042,KKH 12,0.677107256,52,0.03935014434588411
1015056,KK98 77,0.678597111,54,0.03413794804912296
1010025,KKh 060,0.681250224,55,0.04736506826327822
1013042,UGC 8651 (DDO 181),0.682546654,56,0.041833554512799
1016064,Hydra II,0.68281518,57,0.03408422882152901
1014049,Andromeda XVII,0.684616496,58,0.043577234237328344
1011030,Draco Dwarf (DDO 208),0.6856127870000001,60,0.0422154986822365
1011030,Hydra II,0.68802514,62,0.035221260785810386
1010025,Hydra II,0.692316774,63,0.03666695547947101
1011030,"Wolf-Lundmark-Melotte (WLM, DDO 221)",0.698336884,64,0.03356776777298095
1016064,Virgo I,0.704372936,67,0.037655416946260574
1010025,Crater II,0.7140648690000001,71,0.042322977577645825
1014049,"Wolf-Lundmark-Melotte (WLM, DDO 221)",0.71425971,72,0.032051110895025416
1012036,Crater II,0.714346687,73,0.040974990521287204
1011030,Segue 1,0.7205872809999999,76,0.046361748222427134
1011030,Andromeda XXIX,0.7227622140000001,78,0.02980526786672698
1012036,Draco Dwarf (DDO 208),0.724830286,79,0.03468660215170184
1016064,Sextans Dwarf Sph,0.72948058,83,0.042726003918317455
1015056,Segue 1,0.7302083559999999,84,0.04436321219545354
1013042,"Wolf-Lundmark-Melotte (WLM, DDO 221)",0.7317651959999999,85,0.03006915266383233
1014049,UGCA 92,0.7321611990000001,87,0.034802077754685724
1016064,Cetus III,0.732326768,88,0.037108317361742874
1013042,NGC 300,0.738529181,91,0.04227542093136668
1014049,Horologium II,0.741619323,92,0.03184654162460636
1012036,Andromeda XVII,0.741689712,93,0.03261945576244503
1011030,Andromeda X,0.745906805,95,0.04475427370801196
1012036,UGC 9240 (DDO 190),0.748906031,96,0.03320954253471112
1014049,KK98 77,0.7489315740000001,97,0.0412657779848912
1012036,NGC 300,0.74920505,98,0.03512928057603491
1013042,Sextans Dwarf Sph,0.749339529,99,0.03824576192773591
1010025,Andromeda XI,0.7506590540000001,101,0.04612384446690114
1016064,NGC 1569 (UGC 3056),0.7510499070000001,102,0.043972216690287745
1011030,UGCA 92,0.7542827940000001,104,0.05415803109027937
1010025,Carina Dwarf (E206-G220),0.754306942,105,0.044270517606069634
1015056,Carina Dwarf (E206-G220),0.7555147240000001,106,0.030124898327038095
1015056,IC 1613 (UGC 668),0.7556447040000001,107,0.026794701909437516
1011030,KKh 060,0.7559608040000001,108,0.03402309272261589
1010025,Leo V Dwarf,0.7560544109999999,109,0.04734090599649681
1013042,Andromeda XI,0.757951803,111,0.041888859190425114
1013042,Horologium II,0.75804379,112,0.03255525679226666
1013042,Tucana IV,0.7617472279999999,115,0.04210189483361527
1010025,Andromeda XVII,0.7631765340000001,117,0.04402035021361954
1012036,Hydra II,0.7639016670000001,118,0.03360636073831429
1015056,Andromeda VIII,0.764066013,119,0.03716691991767304
1015056,Aquarius Dwarf Galaxy (DDO 210),0.7644731909999999,120,0.03377763703836178
1012036,UGC 4483,0.7652973409999999,122,0.04193475299825987
1014049,Tucana IV,0.766127199,123,0.03675248653039046
1011030,Andromeda XVII,0.766587218,124,0.0319013940419238
1015056,UGCA 133 (DDO 44),0.7678843809999999,125,0.04274262495901588
1014049,Andromeda XXIX,0.7679427990000001,126,0.02786021500789524
1013042,Aquarius Dwarf Galaxy (DDO 210),0.76828966,127,0.031155113702663488
1014049,Andromeda Galaxy (M31),0.7683233290000001,128,0.05199593482362077
1012036,Barnard's Galaxy (NGC 6822),0.769486679,129,0.0332489743657746
1014049,Andromeda XI,0.769690496,130,0.045137423846012666
1010025,UGCA 92,0.770820573,132,0.04435682589970476
1016064,"Wolf-Lundmark-Melotte (WLM, DDO 221)",0.771782561,133,0.03215068768243809
1014049,NGC 300,0.773007537,135,0.042002717263885915
1013042,UGC 4483,0.7732578520000001,136,0.04415679282522417
1016064,Segue 1,0.775466622,138,0.046108721332513425
1012036,Andromeda X,0.777114895,139,0.04492505760238673
1010025,Andromeda X,0.7773278370000001,140,0.046189183916003754
1012036,Segue 1,0.778298167,141,0.044835125860299
1011030,Andromeda XI,0.778597055,142,0.032170666793127564
1014049,Draco II,0.7795737159999999,143,0.04549539164771769
1010025,IC 3104,0.78056517,147,0.043902208361720076
1014049,UGCA 133 (DDO 44),0.7807016109999999,148,0.035806749449605775
1010025,"Leo I Dwarf (DDO 74, UGC 5470)",0.7820380090000001,149,0.04227078943388281
1010025,UGCA 133 (DDO 44),0.782383202,150,0.046759429070341564
1010025,Lacerta I (Andromeda XXXI),0.783617109,151,0.057095680192761906
1014049,Sextans Dwarf Sph,0.785912698,153,0.04186695578050158
1011030,ESO 383-087 (ISG 39),0.7862145759999999,155,0.04562279774185714
1016064,IC 1613 (UGC 668),0.786922468,156,0.030292896300401728
1011030,Carina Dwarf (E206-G220),0.786990738,157,0.043624842644779976
1014049,ESO 274-01[70],0.7880002359999999,158,0.03051704054462222
1012036,ESO 540-030 (KDG 2),0.7895376159999999,159,0.05577641423768889
1015056,Large Magellanic Cloud (LMC),0.790034097,160,0.045886801760571395
1011030,ESO 274-01[70],0.791246853,162,0.03463066920548485
1016064,Pisces V (Andromeda XVI),0.791669837,163,0.0319079798072635
1013042,NGC 5206,0.7922517590000001,164,0.048456479904235905
1011030,UGC 8833,0.7933158640000001,166,0.04248592398948571
1011030,Andromeda I,0.793606519,167,0.05196234200741196
1013042,Cassiopeia II (Andromeda XXX),0.795225983,169,0.03071941649212735
1013042,Grus II,0.7960513029999999,172,0.054859657613247056
1014049,Aquarius Dwarf Galaxy (DDO 210),0.797897905,173,0.0327348695228023
1016064,UGC 8833,0.799101851,174,0.03674439155095238
1012036,Andromeda XI,0.799450425,175,0.027467404156464564
1016064,Aquarius II,0.801779525,178,0.03994110590801126
1013042,Aquarius II,0.802818976,180,0.03201236836693016
1013042,NGC 1569 (UGC 3056),0.803200349,181,0.031092825771765076
1012036,Andromeda I,0.80377373,182,0.04394072430970878
1012036,NGC 5206,0.8062899170000001,185,0.03823342025019732
1016064,Leo V Dwarf,0.806443665,186,0.04856700606385078
1012036,Andromeda XXIX,0.807390555,187,0.04367528380739957
1016064,UGCA 92,0.8080265670000001,188,0.04961686188831746
1016064,ESO 274-01[70],0.809838163,190,0.036407880263761905
1013042,Andromeda XXIX,0.810432335,191,0.028283329099052814
1012036,Aquarius Dwarf Galaxy (DDO 210),0.810658715,192,0.031352148971261165
1011030,Leo V Dwarf,0.813092795,194,0.04732885281951759
1011030,Barnard's Galaxy (NGC 6822),0.813183367,195,0.034034060788961915
1010025,Andromeda XXIX,0.813456443,197,0.03780676696171432
1015056,UGC 7577 (DDO 125),0.815326605,199,0.12182922893533336
1016064,Horologium II,0.816965607,201,0.036346317146636664
1016064,NGC 147 (DDO 3),0.817196976,202,0.04089995318605543
1015056,NGC 1569 (UGC 3056),0.8172584140000001,203,0.04414796933200168
1011030,Cassiopeia II (Andromeda XXX),0.8182763540000001,204,0.04183167750957949
1014049,Andromeda XXVI,0.819106267,205,0.0514410565206667
1010025,Aquarius Dwarf Galaxy (DDO 210),0.819581365,206,0.041178133549747614
1012036,Sextans B (UGC 5373),0.820466336,207,0.04998058691602941
1013042,Dwingeloo 2,0.821465648,208,0.029631740477644466
1014049,"Leo I Dwarf (DDO 74, UGC 5470)",0.821572723,209,0.041935273780958696
1011030,"Leo I Dwarf (DDO 74, UGC 5470)",0.822047832,210,0.04327888336437142
1010025,Barnard's Galaxy (NGC 6822),0.823651177,212,0.036294306338285724
1012036,"Leo I Dwarf (DDO 74, UGC 5470)",0.8240455990000001,213,0.04511924875030023
1010025,UGC 4879 (VV124)[61],0.8240853220000001,214,0.0663694957585333
1010025,ESO 274-01[70],0.8329822859999999,220,0.04460811937446897
1015056,UGC 8833,0.8341182290000001,221,0.042654164373125546
1011030,UGC 4879 (VV124)[61],0.834380998,222,0.056577139904723794
1015056,Sextans B (UGC 5373),0.834689039,223,0.045883908351142866
1015056,UGCA 92,0.83498104,225,0.03540220359228569
1011030,IC 3104,0.83724734,226,0.04432643851525449
1016064,NGC 300,0.837478539,228,0.04283883095604019
1015056,Draco Dwarf (DDO 208),0.837517892,229,0.039556750424003764
1014049,UGCA 15 (DDO 6),0.8375519090000001,230,0.0551378798469143
1014049,Andromeda X,0.8396213159999999,231,0.04693130422753277
1016064,Andromeda XXV,0.84054653,233,0.05169177102523812
1014049,KUG 1210+301B (KK98 127),0.8432249070000001,234,0.05263523572030501
1014049,Leo V Dwarf,0.843613825,235,0.045506662312526994
1010025,Andromeda I,0.84389774,236,0.05264890390650817
1013042,Andromeda I,0.8445197940000001,237,0.03256221238951429
1011030,Crater II,0.8448503390000001,239,0.043045321255473265
1014049,Andromeda I,0.8462358870000001,241,0.03667114176021905
1011030,Aquarius Dwarf Galaxy (DDO 210),0.84635173,242,0.03369877817833919
1014049,Aquarius II,0.847547527,244,0.03569593318148253
1012036,Maffei 2,0.848144188,245,0.04739948895343493
1011030,Andromeda XXVI,0.84825606,246,0.04524428239862538
1011030,UGCA 133 (DDO 44),0.848858225,247,0.04531964231740956
1011030,KKH 37 (Mai 16),0.84924786,249,0.07674035268732382
1013042,NGC 2366,0.850478609,250,0.05332135592446664
1016064,UGCA 133 (DDO 44),0.850608664,251,0.03065279018124445
1015056,Crater II,0.8508212390000001,252,0.04255880853230587
1012036,Andromeda Galaxy (M31),0.852002409,253,0.04792438452529223
1010025,ESO 383-087 (ISG 39),0.8526558590000001,255,0.04689271969209754
1012036,Large Magellanic Cloud (LMC),0.853171595,256,0.04266110094626666
1010025,Cassiopeia II (Andromeda XXX),0.8543088109999999,257,0.03977878400178873
1012036,Cassiopeia II (Andromeda XXX),0.8545677709999999,259,0.04329239433025223
1012036,Leo V Dwarf,0.855009081,260,0.04519037993399999
1010025,"Leo II Dwarf (Leo B, DDO 93)",0.857391913,261,0.05310630657634806
1011030,Lacerta I (Andromeda XXXI),0.8574353690000001,262,0.06895361052862858
1012036,NGC 1569 (UGC 3056),0.858998382,267,0.043816739389126884
1015056,NGC 147 (DDO 3),0.8597861290000001,268,0.03221228085715613
1015056,ESO 383-087 (ISG 39),0.859796555,269,0.03534781772959316
1012036,UGCA 292,0.860708502,270,0.05628559018549204
1015056,Antlia Dwarf,0.861257073,271,0.042893287573574586
1012036,ESO 321-014[70],0.862949119,273,0.05555891454963807
1013042,Lacerta I (Andromeda XXXI),0.863128751,274,0.06906557379470474
1016064,M32 (NGC 221),0.863672048,275,0.055811324340742874
1013042,Andromeda X,0.864557171,276,0.04438547702785471
1010025,UGC 8833,0.865113974,278,0.050094990207695256
1016064,Horologium I,0.865804336,279,0.061336805524066666
1012036,Antlia Dwarf,0.8660270170000001,280,0.061824063109457164
1013042,Leo V Dwarf,0.867702275,281,0.04626611585918096
1014049,UGCA 105,0.8683007340000001,282,0.05384096307999999
1010025,KKs 3,0.8683739690000001,284,0.04694535844284674
1011030,UGC 7577 (DDO 125),0.8710064479999999,285,0.10006408058266668
1010025,UGCA 438 (ESO 407-018),0.8724814670000001,287,0.05863391288560003
1015056,KKh 98,0.8729073909999999,288,0.045417658406917194
1013042,Barnard's Galaxy (NGC 6822),0.873560385,289,0.04782012609321905
1014049,HIPASS J1247-77,0.873656777,290,0.04454413413672064
1013042,Boötes I,0.874088972,292,0.03687698171431744
1011030,Carina II,0.8743587559999999,293,0.05174965122038095
1014049,Boötes I,0.875453255,295,0.0422532096039619
1013042,Sextans B (UGC 5373),0.875498597,296,0.052260972967761034
1013042,Draco II,0.8773173129999999,298,0.032820580890940254
1013042,"Leo II Dwarf (Leo B, DDO 93)",0.8806881390000001,301,0.0421672762464635
1013042,UGC 9240 (DDO 190),0.881087361,302,0.03430873330146033
1014049,ESO 383-087 (ISG 39),0.882449455,303,0.033691541009101586
1015056,Andromeda XXV,0.88365315,304,0.044065684562851926
1014049,UGC 7577 (DDO 125),0.884055252,306,0.10349510834320005
1011030,ESO 540-032,0.885338608,310,0.047412385744800015
1011030,UGCA 15 (DDO 6),0.8869374059999999,311,0.061000993168755534
1013042,Andromeda XXVI,0.88723665,312,0.05978028046320951
1010025,UGCA 15 (DDO 6),0.887248736,313,0.051774941542372326
1011030,Andromeda Galaxy (M31),0.8879042359999999,314,0.050533304234719204
1013042,UGCA 86,0.888079875,315,0.041740753621612704
1010025,Andromeda Galaxy (M31),0.8882176209999999,316,0.045754624845387545
1011030,Boötes III,0.889438497,320,0.0638211195242
1016064,Large Magellanic Cloud (LMC),0.89074185,322,0.04601999925078095
1013042,"Leo I Dwarf (DDO 74, UGC 5470)",0.89179611,323,0.03824770437753272
1015056,KKR 03 (KK98 230),0.8922022690000001,325,0.1033141863728001
1011030,"Leo A (Leo III, DDO 69)",0.89250846,326,0.0429351545978684
1015056,Andromeda X,0.894117202,327,0.046847223722632336
1015056,M32 (NGC 221),0.894825841,329,0.05012771853531428
1013042,KUG 1210+301B (KK98 127),0.895482137,330,0.04440987086757142
1015056,Eridanus II,0.895643764,331,0.050852904534857114
1014049,Reticulum II,0.896002933,332,0.06434788535617145
1012036,Dwingeloo 2,0.8980886509999999,334,0.040837516569717465
1014049,KKh 98,0.899474069,335,0.04420535446634606
1011030,"Leo II Dwarf (Leo B, DDO 93)",0.9004155229999999,337,0.055067158299186125
1015056,ESO 274-01[70],0.900574372,338,0.038426954465698035
1015056,Andromeda XXIII,0.9021751640000001,341,0.04523676171203638
1016064,"Leo II Dwarf (Leo B, DDO 93)",0.903198864,342,0.04622559226998903
1010025,Carina II,0.90394466,343,0.04808120299918414
1015056,Carina II,0.903964249,344,0.046643302852092325
1013042,ESO 540-030 (KDG 2),0.904204872,345,0.05404952486660073
1012036,Carina Dwarf (E206-G220),0.905259632,346,0.04573555614664833
1011030,KKs 3,0.906085244,347,0.049861492749361046
1014049,Sextans B (UGC 5373),0.9063290829999999,348,0.036561629631939686
1012036,Andromeda XXI[57],0.906745459,349,0.14688094577373337
1016064,Sextans B (UGC 5373),0.9080626629999999,350,0.04537195107474285
1013042,NGC 1560,0.90880581,351,0.05460105205057143
1015056,Pegasus Dwarf Irregular (DDO 216),0.90890491,353,0.05575838823997144
1016064,Andromeda X,0.909379073,354,0.031483162442483115
1010025,KKH 37 (Mai 16),0.909481408,355,0.08753398142193845
1013042,UGCA 292,0.9097239979999999,356,0.04180220098240175
1015056,KUG 1210+301B (KK98 127),0.91057399,357,0.05375392403273012
1012036,KKh 98,0.911728636,361,0.04833239286099798
1013042,Horologium I,0.911913269,362,0.05634477902953408
1016064,KUG 1210+301B (KK98 127),0.912175554,363,0.04230198413056363
1015056,Boötes III,0.912256926,364,0.0581921015836039
1015056,NGC 247,0.912303833,365,0.04636555981264764
1016064,KKR 03 (KK98 230),0.912408545,366,0.07828782571466669
1013042,Antlia Dwarf,0.913461871,368,0.06797980743003637
1014049,Sagittarius Dwarf Irregular Galaxy (SagDIG),0.91589888,369,0.06123033682084419
1010025,ESO 540-032,0.91787713,372,0.053012562534666664
1010025,Segue 2,0.9184237190000001,374,0.06716303093281269
1010025,Large Magellanic Cloud (LMC),0.918996241,375,0.048160258978546026
1013042,FM2000 1,0.919293073,377,0.05758178170203809
1011030,UGCA 105,0.91976079,378,0.062883043037
1011030,Segue 2,0.920606598,379,0.0827352997853333
1012036,Sagittarius II,0.92094498,380,0.09459933544557775
1011030,"Small Magellanic Cloud (SMC, NGC 292)",0.922378079,381,0.062030538582304756
1014049,Barnard's Galaxy (NGC 6822),0.922843724,382,0.04771481073217143
1010025,Andromeda XXVI,0.923021125,383,0.05538814188934804
1011030,Pisces I,0.9230282209999999,384,0.030195565019522655
1012036,"Leo II Dwarf (Leo B, DDO 93)",0.92353736,385,0.0574867661134822
1016064,Aquarius Dwarf Galaxy (DDO 210),0.9245013679999999,386,0.037926645775101596
1010025,Carina III,0.924988392,387,0.07521035546960003
1016064,Coma Berenices Dwarf,0.925158665,388,0.11056170441226666
1011030,NGC 247,0.9251903229999999,389,0.050211947017407804
1012036,Lacerta I (Andromeda XXXI),0.925897926,390,0.08024187111346667
1013042,Andromeda Galaxy (M31),0.927693942,394,0.054356379938654796
1010025,NGC 247,0.9278432670000001,395,0.0481781890815143
1014049,Grus II,0.9283420859999999,396,0.043147149212507924
1010025,HIPASS J1247-77,0.928562488,397,0.054030747374892066
1015056,Carina III,0.929071725,398,0.07062668133231514
1012036,GR 8 (DDO 155),0.9303524759999999,400,0.05105957079694286
1014049,Cassiopeia II (Andromeda XXX),0.930573187,401,0.04793691621799966
1010025,Pisces I,0.931242986,402,0.04746597420473968
1010025,Columba I,0.9321130990000001,403,0.06052166373388576
1016064,Eridanus II,0.932682373,404,0.04919252522369523
1016064,Boötes III,0.9333876870000001,405,0.05959068987617141
1010025,NGC 4163 (NGC 4167),0.933451149,406,0.05605469672891433
1014049,Antlia Dwarf,0.9335760240000001,407,0.04117068617948572
1011030,HIPASS J1247-77,0.93382301,408,0.051620261202904735
1010025,Sagittarius Dwarf Irregular Galaxy (SagDIG),0.9338388940000001,409,0.06259160701366348
1012036,KKR 03 (KK98 230),0.9338721659999999,410,0.0579442896532727
1016064,KKh 98,0.934005792,411,0.05922162704266667
1015056,Pisces V (Andromeda XVI),0.934155664,412,0.03084307901620001
1015056,Sagittarius II,0.934297473,413,0.13851994616253335
1014049,Lacerta I (Andromeda XXXI),0.935643605,416,0.07285478962153333
1014049,Willman 1,0.93564976,417,0.07201899368413331
1012036,IC 342,0.937497047,420,0.05297006216838786
1015056,HIPASS J1247-77,0.937612852,421,0.04707243487379997
1011030,Large Magellanic Cloud (LMC),0.937655517,422,0.05610081527426031
1013042,NGC 185,0.93765856,423,0.07952913141978091
1013042,KKh 98,0.9381015109999999,425,0.05256128244044446
1012036,Pisces I,0.938350965,426,0.0353744057450635
1016064,Carina II,0.9384076440000001,427,0.04459827263361904
1014049,KKH 11 (ZOAG G135.74-04.53),0.938991514,428,0.09191208923011426
1015056,NGC 4163 (NGC 4167),0.939244298,429,0.05155526104966668
1011030,KKh 086,0.9395825059999999,430,0.05526114803931431
1011030,Carina III,0.940641665,431,0.08711891444445719
1011030,Perseus I (Andromeda XXXIII),0.940904821,432,0.05728339454919999
1014049,NGC 247,0.94092153,433,0.04653284749048571
1010025,NGC 4214 (UGC 7278),0.94124589,434,0.0655691064169143
1016064,HIPASS J1247-77,0.941734125,435,0.048846173380560444
1016064,Antlia Dwarf,0.9421095559999999,437,0.0682133293692
1016064,Andromeda XXIII,0.942965031,438,0.0463070625458557
1010025,Pisces III (Andromeda XIII),0.943539127,439,0.06177639628361558
1014049,Pegasus Dwarf Irregular (DDO 216),0.944514182,441,0.05484614385233938
1016064,UGC 9128 (DDO 187),0.947338074,444,0.08107347691973331
1013042,Maffei 2,0.947765315,446,0.050020438838171435
1015056,Pisces I,0.94934523,449,0.030151000390205202
1012036,Pegasus Dwarf Irregular (DDO 216),0.949825441,452,0.06718361435579571
1016064,Camelopardalis B,0.951379648,453,0.0842202178790571
1014049,UGC 9128 (DDO 187),0.9535679159999999,454,0.053839341005504776
1015056,Hydrus I,0.9535901370000001,455,0.08272211673520001
1012036,KUG 1210+301B (KK98 127),0.953633464,456,0.047241612738823095
1014049,Ursa Major I Dwarf (UMa I dSph),0.9536592770000001,457,0.054337225554799994
1010025,UGCA 105,0.9538903679999999,458,0.06311425827281904
1014049,ESO 410-G005,0.9539256770000001,459,0.07753380813952385
1010025,Andromeda XXI[57],0.953972688,460,0.11882499794942226
1011030,Sagittarius Dwarf Irregular Galaxy (SagDIG),0.9540963259999999,461,0.07105821568466669
1010025,Leo T Dwarf,0.956264703,464,0.22239976247911103
1012036,Carina III,0.9567309829999999,465,0.05982806061733335
1012036,NGC 2366,0.9573813320000001,467,0.06687190863087619
1012036,Tucana II,0.957509924,468,0.0806051418583333
1012036,ESO 410-G005,0.9585435940000001,470,0.06907923938306033
1012036,UGCA 86,0.958729768,471,0.04378037113658673
1015056,Phoenix II,0.959056855,472,0.07514383625653331
1011030,Hydrus I,0.959144703,473,0.0700624389882667
1013042,Columba I,0.959283015,474,0.060977747195396545
1010025,UGC 7577 (DDO 125),0.959687903,475,0.057423978663514286
1015056,KKH 11 (ZOAG G135.74-04.53),0.960992469,477,0.07925367557206671
1014049,NGC 4214 (UGC 7278),0.961093022,478,0.06477722893432383
1012036,NGC 185,0.961249465,479,0.0818768603037905
1011030,Coma Berenices Dwarf,0.9614805959999999,480,0.09920731518013338
1015056,Pisces II,0.9627390720000001,482,0.061556640350402016
1012036,NGC 1560,0.9647321090000001,484,0.06045455119427442
1015056,Camelopardalis B,0.96476611,485,0.06745806689865719
1015056,GR 8 (DDO 155),0.964773216,486,0.052439154702279354
1013042,NGC 55,0.9651609240000001,487,0.07145597960826666
1015056,IC 342,0.965882812,490,0.05376048807693332
1010025,Pegasus Dwarf Irregular (DDO 216),0.9662822190000001,493,0.05608041103556191
1016064,Andromeda XX,0.966770151,494,0.05018670227246523
1011030,"Sextans A (92205, DDO 75)",0.96681029,495,0.08636009995768569
1012036,NGC 3109,0.968766109,498,0.048930326511073007
1012036,DDO 99 (UGC 6817),0.969722729,501,0.08895482255090155
1012036,Phoenix II,0.9711174159999999,503,0.06559156304354113
1012036,Pisces III (Andromeda XIII),0.971848334,505,0.07161319488322537
1014049,Horologium I,0.9721956190000001,506,0.05542205916076824
1011030,Andromeda XXI[57],0.973091259,508,0.1082254923237333
1012036,UGC 9128 (DDO 187),0.974713375,511,0.05440386756829204
1012036,UGCA 276 (DDO 113),0.975094483,513,0.04481794071080001
1012036,NGC 5237,0.9760216190000001,514,0.14528587092066672
1010025,Phoenix II,0.976547237,515,0.059134703813111075
1013042,"Leo A (Leo III, DDO 69)",0.977699109,517,0.04845790573769695
1011030,IC 4662 (ESO 102-14),0.978104746,519,0.058767093049231715
1013042,NGC 404,0.9786123959999999,521,0.06214837485700002
1016064,NGC 4214 (UGC 7278),0.9789004720000001,522,0.04930345460873332
1012036,"Leo A (Leo III, DDO 69)",0.978944055,524,0.041939874093158414
1011030,Pegasus Dwarf Irregular (DDO 216),0.9796602459999999,526,0.05605655292448252
1013042,Sagittarius Dwarf Sphr SagDEG,0.9800263640000001,527,0.059968269264047636
1012036,Fornax Dwarf (E356-G04),0.980320634,528,0.17154350959479994
1012036,Sagittarius Dwarf Irregular Galaxy (SagDIG),0.980605095,529,0.06366179743397139
1011030,UGCA 438 (ESO 407-018),0.9811852740000001,530,0.05962956435985713
1016064,Pisces Dwarf,0.981976014,532,0.05253594745109841
1011030,Cas 1 (KK98 19),0.983188953,534,0.056116479015066646
1011030,Andromeda III,0.983200428,535,0.11668219636400007
1011030,Dwingeloo 1,0.9832798,536,0.06094946438234288
1014049,"Leo A (Leo III, DDO 69)",0.983428898,537,0.04625648970158728
1012036,Boötes III,0.983805443,538,0.06089794323881902
1010025,"Leo A (Leo III, DDO 69)",0.984015196,539,0.04503875094062511
1016064,NGC 4163 (NGC 4167),0.9842413170000001,540,0.05838541053774287
1013042,GR 8 (DDO 155),0.9848158000000001,542,0.053390668695888856
1015056,Dwingeloo 1,0.984942208,544,0.061015039660361876
1016064,ESO 410-G005,0.984955727,545,0.0998256981593143
1012036,"Holmberg II (DDO 50, UGC 4305)",0.986160035,547,0.06002539536275557
1010025,Hydrus I,0.98633241,548,0.08880693135540003
1016064,Pisces IV (Andromeda XIV),0.986686188,549,0.04917403114841901
1010025,Dwingeloo 1,0.9876669109999999,550,0.0575958605478603
1010025,Coma Berenices Dwarf,0.987715377,551,0.1153831188797334
1013042,ESO 410-G005,0.9877428009999999,552,0.05700570817430476
1011030,IC 5152,0.988034485,553,0.049785638073028556
1015056,Coma Berenices Dwarf,0.988063025,554,0.10339870271911426
1014049,UGC 8508 (I Zw 060),0.98826573,555,0.12831826248533335
1013042,IC 342,0.9885982259999999,557,0.058591029252133345
1011030,NGC 4214 (UGC 7278),0.98860988,558,0.06814005484857144
1011030,NGC 4163 (NGC 4167),0.990721825,562,0.05476983754866669
1010025,IC 4662 (ESO 102-14),0.991141713,564,0.0532005296702078
1014049,KKH 37 (Mai 16),0.9914565009999999,565,0.08714292996958099
1016064,Segue 2,0.991890292,566,0.1042378677466667
1014049,NGC 55,0.992392142,568,0.07119292988585715
1015056,Cassiopeia III (Andromeda XXXII),0.992741564,570,0.04915186430047935
1010025,Boötes III,0.9929851340000001,571,0.05540331950430472
1010025,NGC 185,0.993410809,572,0.06716838660291623
1015056,Pisces IV (Andromeda XIV),0.9935034429999999,573,0.0627676538346
1014049,UGC 8833,0.99398826,576,0.03435122585590821
1011030,Tucana II,0.994118889,577,0.09684626468084764
1012036,Andromeda XXVI,0.9947613040000001,578,0.05969255690630359
1014049,"Leo II Dwarf (Leo B, DDO 93)",0.995524464,580,0.04554503345219567
1012036,Columba I,0.99559143,581,0.0505963808110254
1016064,IC 342,0.9959030040000001,582,0.05988737726295236
1016064,Cetus Dwarf,0.9960736109999999,583,0.2995268296060002
1013042,Perseus I (Andromeda XXXIII),0.99616197,584,0.13485536185600006
1014049,ESO 540-032,0.996352316,585,0.05132472047820951
1010025,Andromeda III,0.99636083,586,0.10512730956493335
1015056,NGC 4214 (UGC 7278),0.9965054390000001,587,0.06548210962586669
1016064,Pegasus Dwarf Irregular (DDO 216),0.996703569,589,0.10700349474559998
1016064,Cassiopeia III (Andromeda XXXII),0.997175252,590,0.05116156799139222
1013042,NGC 3109,0.9978860559999999,593,0.05374076662710475
1015056,HIZSS 003,0.997960946,594,0.1875664346241333
1015056,NGC 3109,0.9980677379999999,595,0.04401295209928253
1013042,Tucana III,0.998120494,596,0.06212352492717142
1013042,Pictor II,0.998878119,600,0.19168398678683501
1010025,"Sextans A (92205, DDO 75)",0.999573688,601,0.14252283352152378
1012036,Carina II,1.0001079179999999,603,0.046484680444432595
1012036,FM2000 1,1.000311982,604,0.06055264232907937
1015056,Segue 2,1.0017919579999999,606,0.0813528190725905
1015056,Andromeda XX,1.0026588490000001,609,0.055523534729301556
1012036,Antlia 2,1.003017454,610,0.12741958500653333
1013042,Canes Venatici I Dwarf,1.003319062,611,0.13846905425279996
1016064,Dwingeloo 1,1.004345564,613,0.06699972462174288
1012036,Coma Berenices Dwarf,1.00439101,614,0.1408631689377334
1016064,NGC 5102,1.005082575,616,0.18627661126333334
1015056,ESO 540-032,1.005143734,617,0.04843863493247618
1013042,Ursa Minor Dwarf,1.005257206,618,0.11924414712333656
1015056,Andromeda XXI[57],1.006655927,620,0.12359386899879997
1016064,Hydrus I,1.0081450220000001,622,0.07204564030034287
1010025,Tucana II,1.008478829,623,0.06883057088510475
1013042,Grus I,1.009196494,624,0.051761808619662314
1016064,NGC 3109,1.009357834,625,0.0476997745221576
1016064,Tucana II,1.009800828,626,0.08752645533573336
1014049,Dwingeloo 1,1.010013687,627,0.0713074267756318
1014049,NGC 185,1.010167024,628,0.08128171597060002
1015056,Sagittarius Dwarf Irregular Galaxy (SagDIG),1.011142555,629,0.06291382933751112
1016064,Andromeda XXVIII,1.011256191,630,0.13321247231199998
1010025,"Small Magellanic Cloud (SMC, NGC 292)",1.01161554,632,0.05631322658126981
1014049,NGC 3109,1.011650127,633,0.0464232428163717
1011030,ESO 325-11,1.01180248,634,0.07847685229272379
1011030,Columba I,1.01218608,637,0.06497510287790419
1016064,Ursa Major I Dwarf (UMa I dSph),1.0122091020000001,638,0.0515575962710909
1013042,Andromeda III,1.012475154,639,0.11956193586986666
1013042,Reticulum II,1.0126726990000001,640,0.06808205041778097
1010025,Sagittarius II,1.0136788970000001,641,0.09299650357638092
1010025,IC 5152,1.0138978920000001,642,0.04952246765239682
1010025,Antlia 2,1.015061908,643,0.11702622526312376
1011030,M110 (NGC 205),1.015196466,644,0.06909540934946665
1011030,Sagittarius II,1.0156034409999999,645,0.08168660974116196
1013042,NGC 5237,1.015891134,646,0.15220052007251433
1016064,GR 8 (DDO 155),1.01836909,648,0.05255947414410994
1015056,Boötes IV,1.018383023,649,0.05539997318723175
1016064,Carina III,1.01872588,650,0.07421680934826669
1016064,Fornax Dwarf (E356-G04),1.018999856,651,0.14416118473386666
1014049,KKR 03 (KK98 230),1.0192349920000001,652,0.060306085613247594
1012036,HIZSS 003,1.019451312,653,0.1727793968895238
1014049,Pisces III (Andromeda XIII),1.019977723,656,0.06547019399093336
1014049,Indus II,1.021018797,657,0.0726864139848667
1010025,Perseus I (Andromeda XXXIII),1.0215095509999998,658,0.050886469873015865
1013042,Andromeda XXI[57],1.021559795,659,0.11924904678253338
1013042,Fornax Dwarf (E356-G04),1.0224295970000001,661,0.16706206153119996
1014049,Pictor II,1.022711722,663,0.18745932204063495
1015056,Pisces Dwarf,1.0228956,664,0.05902044560266666
1010025,KKH 11 (ZOAG G135.74-04.53),1.023245949,665,0.08189578710739046
1013042,"Holmberg II (DDO 50, UGC 4305)",1.023461316,666,0.06723851813818413
1011030,KKH 11 (ZOAG G135.74-04.53),1.0240651170000001,669,0.09211018179578097
1011030,Phoenix II,1.025222071,672,0.05555451507795555
1015056,"Small Magellanic Cloud (SMC, NGC 292)",1.0259077090000002,674,0.054032476765876164
1014049,Ursa Major II Dwarf,1.0263218379999999,675,0.18820685597360007
1010025,NGC 2403,1.026328573,676,0.09307508333133332
1013042,Pisces III (Andromeda XIII),1.026381739,677,0.06753474759391115
1013042,DDO 99 (UGC 6817),1.026935294,678,0.10505090690314288
1014049,Ursa Minor Dwarf,1.027147273,679,0.10533302747918409
1013042,KKR 03 (KK98 230),1.03014098,681,0.07946869403866669
1010025,ESO 325-11,1.030879868,682,0.07978851749260002
1015056,Leo IV Dwarf,1.030960254,683,0.18545209274000005
1011030,Canes Venatici I Dwarf,1.031054331,684,0.16925613898533337
1016064,"Small Magellanic Cloud (SMC, NGC 292)",1.031247526,685,0.05575028123519046
1015056,Tucana II,1.0315356740000001,686,0.08702873782262857
1014049,Cas 1 (KK98 19),1.032834984,688,0.053396691786285706
1011030,NGC 185,1.033622737,690,0.0778423050102718
1012036,Camelopardalis B,1.034409657,691,0.06169471183438387
1013042,UGC 9128 (DDO 187),1.03516599,692,0.07412700879462858
1015056,NGC 55,1.035226805,693,0.054664971231599996
1013042,UGCA 276 (DDO 113),1.035522356,694,0.042576044975996555
1016064,KKH 11 (ZOAG G135.74-04.53),1.035834758,696,0.10709902629979998
1012036,Segue 2,1.0358556209999998,697,0.07102857146706666
1012036,Hydrus I,1.036745243,698,0.07120144326146667
1010025,Leo P,1.036835495,699,0.27417041661400005
1013042,ESO 321-014[70],1.037018139,700,0.058051694293619054
1016064,Andromeda XXI[57],1.03713064,701,0.15445030410933344
1014049,NGC 3741,1.0386574709999998,705,0.2849230623900445
1015056,Andromeda XXVIII,1.039107782,708,0.13209379733493326
1013042,MB 1 (KK98 21),1.039640192,711,0.11410111957201272
1012036,Andromeda III,1.040021463,712,0.09427079943729527
1014049,Grus I,1.0403333190000001,713,0.08086309832979045
1011030,Leo P,1.041101622,714,0.21068002373573336
1016064,UGC 8508 (I Zw 060),1.041323597,715,0.15060296150313326
1012036,NGC 404,1.0418791840000001,717,0.06460823049591427
1010025,Cas 1 (KK98 19),1.042601559,718,0.05130272019224756
1014049,Boötes II,1.042608854,719,0.08711783057390475
1011030,MB 3,1.043676327,721,0.2347840802388666
1013042,Camelopardalis B,1.045767534,723,0.06770429589220954
1014049,ESO 325-11,1.046247035,724,0.1334111991402667
1011030,Pisces III (Andromeda XIII),1.047187672,726,0.07857742574802859
1012036,Perseus I (Andromeda XXXIII),1.049372158,727,0.07910436174362857
1014049,Sagittarius Dwarf Sphr SagDEG,1.050883614,729,0.11223885375226669
1015056,Cetus Dwarf,1.051112425,730,0.3324534628446666
1016064,Columba I,1.0515481290000002,731,0.06694055043409353
1012036,"Small Magellanic Cloud (SMC, NGC 292)",1.052497581,733,0.05651104239306663
1014049,MB 3,1.053552461,734,0.25567222138495244
1012036,M110 (NGC 205),1.054058706,735,0.06617502627693335
1011030,NGC 2403,1.054838455,737,0.14703915181026664
1010025,"Cassiopeia Dwarf (Cas dSph, Andromeda VII)",1.0555735929999999,740,0.19739710191826665
1014049,Andromeda XXI[57],1.0567383,743,0.16606260162426667
1012036,NGC 55,1.056991776,744,0.07007728617543812
1010025,Maffei 1,1.057002993,745,0.17666987230830472
1014049,NGC 4163 (NGC 4167),1.059182873,746,0.059251281744927005
1013042,Willman 1,1.061433117,749,0.08870748673020953
1015056,Pegasus Dwarf Sph (And VI),1.062123033,750,0.18695433247359985
1011030,"Cassiopeia Dwarf (Cas dSph, Andromeda VII)",1.062155074,751,0.16469129868253338
1013042,Sagittarius Dwarf Irregular Galaxy (SagDIG),1.062385161,753,0.060452008025504766
1016064,UGC 7577 (DDO 125),1.065022005,755,0.0883525819872
1016064,Grus I,1.067661964,758,0.08473414043426669
1013042,"Cassiopeia Dwarf (Cas dSph, Andromeda VII)",1.068392776,760,0.18213595530760007
1013042,Boötes II,1.068902786,761,0.12234466943666672
1014049,Canes Venatici I Dwarf,1.069121611,762,0.12389290719546665
1012036,Canes Venatici I Dwarf,1.069369948,764,0.1208147643537905
1011030,Andromeda IX,1.069401499,765,0.17060237232366354
1014049,M110 (NGC 205),1.070124874,766,0.057359293077040144
1011030,Antlia 2,1.0702016890000001,767,0.11721559814466666
1011030,Fornax Dwarf (E356-G04),1.071135388,768,0.1452805439997332
1010025,Andromeda IX,1.07167148,770,0.1839190474565334
1014049,NGC 5102,1.072293854,771,0.18903671486337145
1016064,NGC 3741,1.072601851,772,0.23348227045866665
1013042,UGC 8508 (I Zw 060),1.0731540179999999,774,0.17319305542495564
1014049,GR 8 (DDO 155),1.073320764,775,0.05086334590225397
1012036,MB 1 (KK98 21),1.0745176779999999,777,0.15215313161799998
1016064,IC 10 (UGC 192),1.075529425,779,0.20527142051093336
1013042,Pegasus Dwarf Irregular (DDO 216),1.075574553,780,0.06016388799423809
1016064,Triangulum II,1.077342536,783,0.2019316574527492
1013042,Ursa Major I Dwarf (UMa I dSph),1.0780633,784,0.06334030786732901
1016064,Sagittarius Dwarf Irregular Galaxy (SagDIG),1.0784853840000002,785,0.06588117321704762
1014049,Donatiello I,1.079260587,788,0.18081731860493344
1014049,Tucana III,1.07980882,790,0.08000273188379564
1010025,Fornax Dwarf (E356-G04),1.079910885,792,0.1556104078828
1010025,Canes Venatici I Dwarf,1.079982263,793,0.1268730956248
1013042,Andromeda IX,1.0800449909999998,794,0.16136583796826656
1015056,Canes Venatici II Dwarf,1.081886472,796,0.1822608237358666
1014049,Andromeda IX,1.083309291,797,0.18225988316674274
1010025,MB 3,1.084842005,799,0.20564935903533332
1015056,NGC 3741,1.085556862,800,0.27885195952719993
1011030,NGC 3741,1.086098108,801,0.2863315755498667
1015056,Antlia 2,1.086100661,802,0.10660675301620956
1010025,M110 (NGC 205),1.086843334,803,0.07019064643310996
1010025,NGC 5102,1.087314794,804,0.1754150412634667
1015056,Maffei 1,1.08781573,805,0.12257256874039994
1012036,"Cassiopeia Dwarf (Cas dSph, Andromeda VII)",1.0885024540000001,806,0.17831227654088258
1010025,Sculptor Dwarf (E351-G30),1.089328668,807,0.17100902247331426
1016064,MB 3,1.0898037090000001,808,0.27380101042866667
1016064,Maffei 1,1.090220019,809,0.17300764707647628
1015056,ESO 325-11,1.090993171,810,0.07817444324146668
1014049,Andromeda III,1.091381012,811,0.13655101963199995
1015056,NGC 5102,1.093103262,812,0.18809873765520002
1016064,Pegasus Dwarf Sph (And VI),1.093898982,814,0.15211404906573328
1012036,Andromeda V,1.094674411,815,0.19515811894108567
1014049,Columba I,1.0956117220000001,816,0.05599858152493219
1016064,NGC 55,1.096488825,817,0.08947913422367626
1015056,ESO 410-G005,1.097156248,818,0.07698850522539051
1011030,NGC 5102,1.098575029,819,0.17555972673773332
1015056,Andromeda II,1.099155429,820,0.16667872381866666
1013042,KK98 35,1.100040843,821,0.22060082595733327
1014049,Leo T Dwarf,1.100220091,822,0.2186664614543049
1014049,HIZSS 003,1.100688763,823,0.18089128735920004
1012036,Leo T Dwarf,1.102792545,826,0.2553883171851428
1010025,Triangulum II,1.103087333,827,0.1982219134370666
1014049,"Cassiopeia Dwarf (Cas dSph, Andromeda VII)",1.1042994720000001,830,0.18956447121599998
1011030,Donatiello I,1.104935827,832,0.18303267702693324
1015056,UGC 9128 (DDO 187),1.105865506,833,0.09176626848342861
1015056,Andromeda XV,1.109399877,835,0.19676107444519994
1010025,NGC 3741,1.109987903,836,0.29937368176666673
1012036,KK98 35,1.1104224390000001,837,0.21369883700923797
1010025,KKh 086,1.112463848,838,0.07943576082426666
1016064,Andromeda XV,1.113630273,840,0.19941838345253332
1011030,Andromeda V,1.113664697,841,0.18291410608476186
1012036,Andromeda IX,1.118182636,843,0.1800965312818667
1014049,Perseus I (Andromeda XXXIII),1.118984485,844,0.07232115189342223
1012036,Triangulum II,1.122331664,846,0.19461086743537154
1014049,Fornax Dwarf (E356-G04),1.123227235,847,0.1649395242829524
1013042,Indus II,1.1232956509999998,848,0.12434989667439998
1010025,Andromeda V,1.125307282,849,0.2033909521658666
1013042,HIZSS 003,1.126393618,850,0.20056820527559993
1011030,Leo T Dwarf,1.127863242,851,0.2782527653992
1011030,ESO 294-010,1.128919501,852,0.3248162868869333
1015056,Triangulum II,1.131963381,853,0.18672519398226659
1011030,Maffei 1,1.136694615,855,0.17662768219441907
1016064,Indus II,1.136845318,856,0.10797510404733332
1016064,Andromeda II,1.137304377,857,0.14925697067373325
1013042,Andromeda V,1.13764287,858,0.20165900309106663
1016064,Donatiello I,1.140635874,859,0.16836235552400006
1015056,Sculptor Dwarf (E351-G30),1.14137823,861,0.22287376998519992
1015056,IC 10 (UGC 192),1.143935191,865,0.20553347559800006
1013042,M110 (NGC 205),1.144093574,866,0.07208446362559999
1015056,Donatiello I,1.144111396,867,0.17913281053533334
1011030,Triangulum II,1.144628348,868,0.1977105596272191
1013042,Ursa Major II Dwarf,1.146758704,869,0.20868603500733343
1016064,HIZSS 003,1.147436847,870,0.1896676242638856
1012036,Sculptor Dwarf (E351-G30),1.148990507,871,0.1917929752018666
1012036,UGC 8508 (I Zw 060),1.1501066770000001,872,0.12113754722186663
1013042,Leo T Dwarf,1.151445135,873,0.2885990875338667
1010025,ESO 294-010,1.152817723,874,0.2945482444496
1015056,UGC 8508 (I Zw 060),1.153546218,875,0.1240016050234476
1011030,Sculptor Dwarf (E351-G30),1.15665756,876,0.21114882376906655
1014049,Andromeda V,1.163749058,877,0.1355398534913333
1014049,Maffei 1,1.163823435,878,0.1808930221551999
1015056,Phoenix Dwarf Galaxy (P 6830),1.166232229,879,0.17343924925706664
1010025,Donatiello I,1.169012367,880,0.18860290488426665
1015056,MB 3,1.199043385,883,0.24245785703599995
1016064,Phoenix Dwarf Galaxy (P 6830),1.250507584,884,0.19808825718733336
1016064,ESO 383-087 (ISG 39),,885,0.06544132155949435
1016064,NGC 247,,886,0.06544132155949435
1016064,ESO 325-11,,887,0.06544132155949435
1016064,ESO 540-032,,888,0.06544132155949435
1016064,KK98 77,,889,0.06544132155949435
